No,,Ligação,,,Transporte de passageiros,
"",,Denominação,ida pass,,volta pass pass total,pass.km
"",CENTRO-OESTE,,358.046,,376.954 735.000,279.930.428
"",,,,,,
001,ANAPOLIS (GO) - CUIABA (MT),,1.945,,1.632 3.577,3.604.789
002,ANAPOLIS (GO) - PALMAS (TO),,442,,450 892,726.891
003,BRASILIA (DF) - ANAPOLIS (GO),,46.779,,56.056 102.835,16.484.451
004,BRASILIA (DF) - CAMPO GRANDE (MS),,3.188,,4.032 7.220,10.383.787
005,BRASILIA (DF) - CUIABA (MT),,13.151,,11.354 24.505,28.230.814
006,BRASILIA (DF) - GOIANIA (GO),,206.827,,217.989 424.816,89.022.711
007,BRASILIA (DF) - PALMAS (TO),,41,,36 77,74.012
008,BRASILIA (DF) - RONDONOPOLIS (MT),,2.172,,2.255 4.427,4.155.625
009,CAMPO GRANDE (MS) - CUIABA (MT),,31.264,,29.091 60.355,42.924.476
010,CAMPO GRANDE (MS) - GOIANIA (GO),,9.074,,8.972 18.046,16.885.857
011,CAMPO GRANDE (MS) - PALMAS (TO),,698,,696 1.394,2.490.799
012,CAMPO GRANDE (MS) - RONDONOPOLIS (MT),,14.120,,15.736 29.856,14.898.144
013,CUIABA (MT) - GOIANIA (GO),,17.744,,17.747 35.491,33.829.292
014,GOIANIA (GO) - PALMAS (TO),,1.497,,1.446 2.943,2.514.426
015,GOIANIA (GO) - RONDONOPOLIS (MT),,8.875,,9.190 18.065,13.307.362
016,RONDONOPOLIS (MT) - ANAPOLIS (GO),,229,,272 501,396.992
"",NORDESTE,,1.636.857,,1.609.412 3.246.269,950.975.559
"",,,,,,
017,ARACAJU (SE) - CAMPINA GRANDE (PB),,2.977,,3.189 6.166,3.552.039
018,ARACAJU (SE) - CARUARU (PE),,5.196,,5.303 10.499,4.508.767
019,ARACAJU (SE) - ITABUNA (BA),,3.575,,4.875 8.450,5.898.523
020,ARACAJU (SE) - JOAO PESSOA (PB),,5.337,,4.930 10.267,6.221.802
021,ARACAJU (SE) - JUAZEIRO DO NORTE (CE),,783,,766 1.549,1.077.175
022,ARACAJU (SE) - MACEIO (AL),,40.857,,41.471 82.328,23.582.403
023,ARACAJU (SE) - NATAL (RN),,5.184,,4.700 9.884,8.434.005
024,CAMPINA GRANDE (PB) - CARUARU (PE),,9.318,,9.227 18.545,2.757.642
025,CAMPINA GRANDE (PB) - ITABUNA (BA),,338,,20 358,434.379
026,CAMPINA GRANDE (PB) - JUAZEIRO DO NORTE (CE),,2.381,,3.050 5.431,2.767.638
027,CAMPINA GRANDE (PB) - PETROLINA (PE),,1.955,,1.941 3.896,3.052.126
028,CARUARU (PE) - JOAO PESSOA (PB),,286,,271 557,136.187
029,CARUARU (PE) - JUAZEIRO (BA),,3.706,,3.484 7.190,4.591.534
030,CARUARU (PE) - JUAZEIRO DO NORTE (CE),,1.907,,1.675 3.582,1.939.295
031,CARUARU (PE) - MACEIO (AL),,11.092,,11.219 22.311,4.227.935
032,CARUARU (PE) - NATAL (RN),,2.584,,2.810 5.394,2.293.529
033,CARUARU (PE) - SAO LUIS (MA),,2.447,,2.386 4.833,6.878.809
034,CARUARU (PE) - TERESINA (PI),,851,,802 1.653,1.648.702
035,CRATO (CE) - CARUARU (PE),,10,,9 19,10.418
036,CRATO (CE) - JOAO PESSOA (PB),,739,,683 1.422,907.663
037,CRATO (CE) - JUAZEIRO (BA),,1.645,,1.598 3.243,1.124.414
038,CRATO (CE) - MOSSORO (RN),,5,,4 9,4.052
039,CRATO (CE) - NATAL (RN),,1.182,,1.108 2.290,1.523.691
040,CRATO (CE) - PETROLINA (PE),,1.683,,1.641 3.324,1.144.073
041,CRATO (CE) - SAO LUIS (MA),,786,,725 1.511,1.506.014
042,FORTALEZA (CE) - ARACAJU (SE),,2.416,,109 2.525,3.320.375
043,FORTALEZA (CE) - CAMPINA GRANDE (PB),,6.378,,5.726 12.104,8.624.100
044,FORTALEZA (CE) - CARUARU (PE),,6.710,,5.791 12.501,12.042.213
045,FORTALEZA (CE) - GARANHUNS (PE),,836,,27 863,705.416
046,FORTALEZA (CE) - JOAO PESSOA (PB),,12.482,,11.184 23.666,16.386.338
047,FORTALEZA (CE) - MACEIO (AL),,3.070,,2.220 5.290,5.515.883
048,FORTALEZA (CE) - MOSSORO (RN),,30.230,,21.374 51.604,13.024.850
049,FORTALEZA (CE) - NATAL (RN),65.380,57.912,123.292,66.318.767
050,FORTALEZA (CE) - PARNAIBA (PI),15.883,16.148,32.031,15.773.099
051,FORTALEZA (CE) - PETROLINA (PE),4.068,455,4.523,3.796.455
052,FORTALEZA (CE) - RECIFE (PE),13.868,10.664,24.532,19.782.605
053,FORTALEZA (CE) - SALVADOR (BA),6.787,6.923,13.710,18.323.942
054,FORTALEZA (CE) - SAO LUIS (MA),10.501,9.802,20.303,20.795.880
055,FORTALEZA (CE) - TERESINA (PI),38.919,41.632,80.551,48.282.269
056,FORTALEZA (CE) - VITORIA DA CONQUISTA (BA),1.285,591,1.876,3.060.711
057,GARANHUNS (PE) - MACEIO (AL),6.703,6.720,13.423,2.593.142
058,GARANHUNS (PE) - NATAL (RN),618,523,1.141,600.622
059,GARANHUNS (PE) - VITORIA DA CONQUISTA (BA),952,893,1.845,2.056.728
060,ITABUNA (BA) - TEIXEIRA DE FREITAS (BA),8.165,4.924,13.089,4.846.857
061,JOAO PESSOA (PB) - ITABUNA (BA),119,126,245,303.310
062,JOAO PESSOA (PB) - JUAZEIRO DO NORTE (CE),2.846,3.290,6.136,3.888.125
063,JOAO PESSOA (PB) - MOSSORO (RN),3.376,3.635,7.011,3.126.906
064,JUAZEIRO (BA) - SAO LUIS (MA),10,11,21,22.243
065,JUAZEIRO DO NORTE (CE) - JUAZEIRO (BA),2.579,2.438,5.017,1.951.312
066,JUAZEIRO DO NORTE (CE) - MACEIO (AL),3.716,3.690,7.406,5.413.775
067,JUAZEIRO DO NORTE (CE) - MOSSORO (RN),8,7,15,6.650
068,JUAZEIRO DO NORTE (CE) - NATAL (RN),2.238,2.130,4.368,2.878.949
069,JUAZEIRO DO NORTE (CE) - PETROLINA (PE),2.112,2.005,4.117,1.566.223
070,JUAZEIRO DO NORTE (CE) - SAO LUIS (MA),216,5,221,224.006
071,MACEIO (AL) - CAMPINA GRANDE (PB),1.633,1.644,3.277,1.103.038
072,MACEIO (AL) - CRATO (CE),934,931,1.865,1.420.861
073,MACEIO (AL) - ITABUNA (BA),337,277,614,599.387
074,MACEIO (AL) - JOAO PESSOA (PB),4.748,4.384,9.132,3.369.708
075,MOSSORO (RN) - ARACAJU (SE),402,92,494,527.839
076,MOSSORO (RN) - CAMPINA GRANDE (PB),1.085,859,1.944,906.098
077,MOSSORO (RN) - GARANHUNS (PE),73,6,79,45.101
078,MOSSORO (RN) - MACEIO (AL),318,260,578,460.204
079,MOSSORO (RN) - VITORIA DA CONQUISTA (BA),194,149,343,519.233
080,NATAL (RN) - CAMPINA GRANDE (PB),15.346,16.782,32.128,9.246.407
081,NATAL (RN) - JOAO PESSOA (PB),53.177,59.644,112.821,20.702.654
082,NATAL (RN) - MACEIO (AL),3.913,3.451,7.364,4.514.868
083,PETROLINA (PE) - JUAZEIRO (BA),451.707,483.101,934.808,17.293.948
084,PETROLINA (PE) - MACEIO (AL),278,255,533,415.900
085,RECIFE (PE) - ARACAJU (SE),26.727,27.185,53.912,26.697.222
086,RECIFE (PE) - CAMPINA GRANDE (PB),38.947,38.737,77.684,18.844.040
087,RECIFE (PE) - CRATO (CE),3.495,2.857,6.352,4.246.947
088,RECIFE (PE) - GARANHUNS (PE),1.282,1.174,2.456,547.934
089,RECIFE (PE) - JOAO PESSOA (PB),260.240,246.761,507.001,65.200.329
090,RECIFE (PE) - JUAZEIRO (BA),11.648,11.499,23.147,17.566.258
091,RECIFE (PE) - JUAZEIRO DO NORTE (CE),4.172,3.420,7.592,5.023.626
092,RECIFE (PE) - MACEIO (AL),85.152,82.940,168.092,44.660.450
093,RECIFE (PE) - MOSSORO (RN),2.672,2.863,5.535,3.099.600
094,RECIFE (PE) - NATAL (RN),45.344,45.146,90.490,26.920.775
095,RECIFE (PE) - SALVADOR (BA),21.518,20.744,42.262,34.989.684
096,RECIFE (PE) - SAO LUIS (MA),8.262,8.007,16.269,25.112.828
097,RECIFE (PE) - TERESINA (PI),12.450,11.706,24.156,26.999.161
098,RECIFE (PE) - VITORIA DA CONQUISTA (BA),1.365,1.826,3.191,3.902.771
099,SALVADOR (BA) - ARACAJU (SE),119.728,112.319,232.047,73.211.029
100,SALVADOR (BA) - CAMPINA GRANDE (PB),5.060,4.614,9.674,8.261.596
101,SALVADOR (BA) - CARUARU (PE),3.903,4.085,7.988,5.764.719
102,SALVADOR (BA) - GARANHUNS (PE),486,237,723,489.977
103,SALVADOR (BA) - JOAO PESSOA (PB),5.811,5.545,11.356,10.356.672
104,SALVADOR (BA) - JUAZEIRO DO NORTE (CE),397,314,711,710.076
105,SALVADOR (BA) - MACEIO (AL),20.150,19.212,39.362,24.126.307
106,SALVADOR (BA) - NATAL (RN),7.328,6.267,13.595,15.373.696
107,SALVADOR (BA) - PETROLINA (PE),7.917,7.048,14.965,7.657.591
108,SALVADOR (BA) - TERESINA (PI),4.904,4.264,9.168,10.327.752
109,SAO LUIS (MA) - CAMPINA GRANDE (PB),1.161,1.150,2.311,3.492.383
110,SAO LUIS (MA) - JOAO PESSOA (PB),1.363,1.334,2.697,4.404.201
111,SAO LUIS (MA) - NATAL (RN),1.345,1.237,2.582,4.637.551
112,SAO LUIS (MA) - PARNAIBA (PI),4.180,4.558,8.738,4.250.163
113,TERESINA (PI) - CAMPINA GRANDE (PB),19,80,99,107.801
114,TERESINA (PI) - JOAO PESSOA (PB),55,99,154,196.776
115,TERESINA (PI) - JUAZEIRO DO NORTE (CE),1.191,1.550,2.741,1.611.001
116,TERESINA (PI) - MACEIO (AL),570,595,1.165,1.524.519
117,TERESINA (PI) - MOSSORO (RN),130,142,272,229.205
118,TERESINA (PI) - NATAL (RN),576,532,1.108,1.507.156
119,TERESINA (PI) - PETROLINA (PE),4.803,5.987,10.790,6.808.490
120,TERESINA (PI) - SAO LUIS (MA),24.234,17.793,42.027,18.000.164
121,VITORIA DA CONQUISTA (BA) - ARACAJU (SE),3.797,3.694,7.491,5.332.094
122,VITORIA DA CONQUISTA (BA) - MACEIO (AL),1.035,1.214,2.249,2.203.208
"",NORTE,35.181,33.383,68.564,34.124.303
"",,,,,
123,PORTO VELHO (RO) - RIO BRANCO (AC),35.181,33.383,68.564,34.124.303
"",SUDESTE,3.264.112,3.178.759,6.442.871,2.683.721.612
"",,,,,
124,ARACATUBA (SP) - ARAGUARI (MG),128,112,240,129.432
125,ARACATUBA (SP) - PRES.PRUDENTE (SP),6.518,5.955,12.473,2.604.362
126,ARACATUBA (SP) - UBERLANDIA (MG),1.002,905,1.907,911.688
127,ARAGUARI (MG) - CAMPINAS (SP),1.934,1.958,3.892,2.140.211
128,BARBACENA (MG) - BARRA MANSA (RJ),1.791,2.524,4.315,1.252.213
129,BARBACENA (MG) - BRAGANCA PAULISTA (SP),505,406,911,431.996
130,BARBACENA (MG) - CABO FRIO (RJ),1.336,1.714,3.050,1.231.285
131,BARBACENA (MG) - CACHOEIRO DO ITAPEMIRIM (ES),251,267,518,224.190
132,BARBACENA (MG) - CAMPINAS (SP),4.629,4.484,9.113,5.859.659
133,BARBACENA (MG) - NITEROI (RJ),1.556,934,2.490,707.409
134,BARBACENA (MG) - RESENDE (RJ),545,358,903,291.940
135,BARBACENA (MG) - SAO JOSE DOS CAMPOS (SP),2.239,2.317,4.556,2.288.003
136,BARBACENA (MG) - VITORIA (ES),1.476,1.331,2.807,1.617.393
137,BARRA MANSA (RJ) - GOV. VALADARES (MG),845,915,1.760,1.087.504
138,BARRA MANSA (RJ) - JUIZ DE FORA (MG),15.720,16.677,32.397,6.813.089
139,BARRA MANSA (RJ) - POUSO ALEGRE (MG),934,925,1.859,507.507
140,BARRA MANSA (RJ) - SAO JOSE DOS CAMPOS (SP),2.847,3.352,6.199,1.355.721
141,BARRA MANSA (RJ) - TEOFILO OTONI (MG),380,377,757,568.810
142,BARRA MANSA (RJ) - VARGINHA (MG),3.451,2.929,6.380,1.888.382
143,BARRETOS (SP) - GOV. VALADARES (MG),22,7,29,28.568
144,BARRETOS (SP) - TEOFILO OTONI (MG),20,2,22,24.609
145,BELO HORIZONTE (MG) - ARACATUBA (SP),1.621,1.725,3.346,3.007.719
146,BELO HORIZONTE (MG) - BARRA MANSA (RJ),13.009,13.406,26.415,12.061.836
147,BELO HORIZONTE (MG) - BARRETOS (SP),4.745,5.435,10.180,6.741.196
148,BELO HORIZONTE (MG) - CABO FRIO (RJ),30.275,32.586,62.861,35.830.770
149,BELO HORIZONTE (MG) - CACHOEIRO DO ITAPEMIRIM (ES),3.653,3.326,6.979,3.440.337
150,BELO HORIZONTE (MG) - CAMPINAS (SP),35.114,36.354,71.468,44.473.908
151,BELO HORIZONTE (MG) - FRANCA (SP),6.439,6.342,12.781,5.759.119
152,BELO HORIZONTE (MG) - NITEROI (RJ),15.934,14.151,30.085,13.550.284
153,BELO HORIZONTE (MG) - PRES.PRUDENTE (SP),3.445,3.575,7.020,6.906.941
154,BELO HORIZONTE (MG) - RESENDE (RJ),661,606,1.267,620.323
155,BELO HORIZONTE (MG) - SAO JOSE DO RIO PRETO (SP),10.777,8.859,19.636,14.552.240
156,BELO HORIZONTE (MG) - SAO JOSE DOS CAMPOS (SP),8.945,8.441,17.386,10.720.044
157,BELO HORIZONTE (MG) - VITORIA (ES),52.023,49.149,101.172,53.823.504
158,BRAGANCA PAULISTA (SP) - JUIZ DE FORA (MG),1.889,924,2.813,1.329.424
159,CACHOEIRO DO ITAPEMIRIM (ES) - NITEROI (RJ),1.143,1.393,2.536,996.787
160,CACHOEIRO DO ITAPEMIRIM (ES) - SAO JOSE DOS CAMPOS (SP),180,237,417,299.224
161,CACHOEIRO DO ITAPEMIRIM (ES) - VOLTA REDONDA (RJ),465,629,1.094,545.063
162,CAMPINAS (SP) - BARRA MANSA (RJ),157,149,306,123.379
163,CAMPINAS (SP) - JUIZ DE FORA (MG),5.561,5.145,10.706,5.926.842
164,CAMPINAS (SP) - MOGI-GUACU (SP),42.280,44.039,86.319,5.861.060
165,CAMPINAS (SP) - RESENDE (RJ),569,892,1.461,537.502
166,COLATINA (ES) - BARRA MANSA (RJ),228,60,288,219.456
167,COLATINA (ES) - GOV. VALADARES (MG),12.387,13.424,25.811,6.060.423
168,COLATINA (ES) - SAO JOSE DOS CAMPOS (SP),300,204,504,490.745
169,COLATINA (ES) - UBERLANDIA (MG),6,10,16,19.224
170,GOV. VALADARES (MG) - VITORIA (ES),21.226,21.427,42.653,16.231.336
171,JUIZ DE FORA (MG) - CABO FRIO (RJ),12.374,11.432,23.806,7.708.383
172,JUIZ DE FORA (MG) - CACHOEIRO DO ITAPEMIRIM (ES),1.756,1.491,3.247,1.232.561
173,JUIZ DE FORA (MG) - NITEROI (RJ),11.973,10.807,22.780,4.651.676
174,JUIZ DE FORA (MG) - SAO JOSE DOS CAMPOS (SP),4.371,4.698,9.069,3.810.612
175,JUIZ DE FORA (MG) - VITORIA (ES),6.396,5.776,12.172,6.321.107
176,PATOS DE MINAS (MG) - CAMPINAS (SP),573,954,1.527,1.186.018
177,PATOS DE MINAS (MG) - FRANCA (SP),4.458,4.205,8.663,3.624.059
178,POUSO ALEGRE (MG) - BRAGANCA PAULISTA (SP),5.074,6.252,11.326,1.500.695
179,POUSO ALEGRE (MG) - CAMPINAS (SP),4.263,4.788,9.051,1.829.881
180,POUSO ALEGRE (MG) - VARGINHA (MG),18.746,19.263,38.009,4.629.496
181,PRES.PRUDENTE (SP) - ARAGUARI (MG),269,280,549,361.187
182,PRES.PRUDENTE (SP) - BARRA MANSA (RJ),1.622,1.590,3.212,2.825.596
183,PRES.PRUDENTE (SP) - JUIZ DE FORA (MG),55,56,111,129.260
184,PRES.PRUDENTE (SP) - UBERLANDIA (MG),1.706,1.824,3.530,2.216.487
185,RESENDE (RJ) - JUIZ DE FORA (MG),1.362,4.914,6.276,1.527.578
186,RESENDE (RJ) - SAO JOSE DOS CAMPOS (SP),3.126,3.663,6.789,1.245.103
187,RIO DE JANEIRO (RJ) - ARACATUBA (SP),9.326,9.051,18.377,18.195.068
188,RIO DE JANEIRO (RJ) - ARAGUARI (MG),171,213,384,399.744
189,RIO DE JANEIRO (RJ) - BARBACENA (MG),25.288,25.572,50.860,13.854.264
190,RIO DE JANEIRO (RJ) - BARRETOS (SP),2.103,1.848,3.951,3.238.240
191,RIO DE JANEIRO (RJ) - BELO HORIZONTE (MG),217.166,224.323,441.489,193.681.224
192,RIO DE JANEIRO (RJ) - CACHOEIRO DO ITAPEMIRIM (ES),48.097,50.745,98.842,39.350.268
193,RIO DE JANEIRO (RJ) - CAMPINAS (SP),68.573,66.684,135.257,67.581.008
194,RIO DE JANEIRO (RJ) - COLATINA (ES),3.352,3.653,7.005,4.474.794
195,RIO DE JANEIRO (RJ) - FRANCA (SP),1.544,1.624,3.168,2.544.192
196,RIO DE JANEIRO (RJ) - GOV. VALADARES (MG),19.203,18.302,37.505,22.356.731
197,RIO DE JANEIRO (RJ) - JUIZ DE FORA (MG),216.731,249.325,466.056,89.630.382
198,RIO DE JANEIRO (RJ) - PATOS DE MINAS (MG),781,685,1.466,1.212.089
199,RIO DE JANEIRO (RJ) - POUSO ALEGRE (MG),4.572,3.913,8.485,3.359.212
200,RIO DE JANEIRO (RJ) - PRES.PRUDENTE (SP),3.432,3.648,7.080,7.183.115
201,RIO DE JANEIRO (RJ) - RESENDE (RJ),137.026,135.171,272.197,44.368.111
202,RIO DE JANEIRO (RJ) - SAO JOSE DO RIO PRETO (SP),8.486,8.507,16.993,14.212.945
203,RIO DE JANEIRO (RJ) - SAO JOSE DOS CAMPOS (SP),17.682,19.632,37.314,12.746.462
204,RIO DE JANEIRO (RJ) - TEOFILO OTONI (MG),11.357,9.847,21.204,15.391.984
205,RIO DE JANEIRO (RJ) - UBERABA (MG),5.040,5.125,10.165,9.115.825
206,RIO DE JANEIRO (RJ) - UBERLANDIA (MG),9.227,9.126,18.353,18.515.760
207,RIO DE JANEIRO (RJ) - VARGINHA (MG),8.922,7.600,16.522,6.538.081
208,RIO DE JANEIRO (RJ) - VITORIA (ES),120.621,117.291,237.912,121.826.511
209,SAO JOSE DO RIO PRETO (SP) - ARAGUARI (MG),550,617,1.167,449.766
210,SAO JOSE DO RIO PRETO (SP) - GOV. VALADARES (MG),134,12,146,155.344
211,SAO JOSE DO RIO PRETO (SP) - JUIZ DE FORA (MG),2.966,1.367,4.333,3.663.985
212,SAO JOSE DO RIO PRETO (SP) - PATOS DE MINAS (MG),596,504,1.100,626.010
213,SAO JOSE DO RIO PRETO (SP) - POUSO ALEGRE (MG),454,210,664,329.145
214,SAO JOSE DO RIO PRETO (SP) - PRES.PRUDENTE (SP),1.648,1.978,3.626,1.001.864
215,SAO JOSE DO RIO PRETO (SP) - TEOFILO OTONI (MG),128,36,164,196.390
216,SAO JOSE DO RIO PRETO (SP) - UBERABA (MG),5.663,5.244,10.907,2.918.713
217,SAO JOSE DO RIO PRETO (SP) - UBERLANDIA (MG),7.077,5.682,12.759,4.353.429
218,SAO JOSE DOS CAMPOS (SP) - GOV. VALADARES (MG),1.232,1.047,2.279,1.890.658
219,SAO JOSE DOS CAMPOS (SP) - POUSO ALEGRE (MG),17.494,18.071,35.565,5.889.564
220,SAO JOSE DOS CAMPOS (SP) - TEOFILO OTONI (MG),1.393,1.378,2.771,2.674.484
221,SAO PAULO (SP) - ARACATUBA (SP),6.709,6.926,13.635,7.396.988
222,SAO PAULO (SP) - ARAGUARI (MG),7.734,8.731,16.465,10.393.809
223,SAO PAULO (SP) - BARBACENA (MG),9.601,9.459,19.060,10.483.000
224,SAO PAULO (SP) - BARRA MANSA (RJ),19.730,20.958,40.688,12.763.902
225,SAO PAULO (SP) - BELO HORIZONTE (MG),300.731,294.044,594.775,350.964.062
226,SAO PAULO (SP) - BRAGANCA PAULISTA (SP),9.227,2.422,11.649,1.027.442
227,SAO PAULO (SP) - CABO FRIO (RJ),14.131,13.754,27.885,16.139.838
228,SAO PAULO (SP) - CACHOEIRO DO ITAPEMIRIM (ES),6.027,6.015,12.042,9.836.993
229,SAO PAULO (SP) - CAMPINAS (SP),190.706,136.946,327.652,39.711.422
230,SAO PAULO (SP) - COLATINA (ES),2.069,1.535,3.604,3.839.002
231,SAO PAULO (SP) - GOV. VALADARES (MG),20.666,26.812,47.478,43.731.986
232,SAO PAULO (SP) - JUIZ DE FORA (MG),58.037,54.816,112.853,58.051.639
233,SAO PAULO (SP) - MOGI-GUACU (SP),36.592,35.486,72.078,12.398.794
234,SAO PAULO (SP) - NITEROI (RJ),129.590,117.646,247.236,109.970.703
235,SAO PAULO (SP) - PATOS DE MINAS (MG),4.583,3.889,8.472,6.882.520
236,SAO PAULO (SP) - POUSO ALEGRE (MG),99.419,86.896,186.315,38.809.415
237,SAO PAULO (SP) - RESENDE (RJ),30.373,33.854,64.227,17.952.305
238,SAO PAULO (SP) - RIO DE JANEIRO (RJ),656.007,623.742,1.279.749,555.921.727
239,SAO PAULO (SP) - SAO JOSE DOS CAMPOS (SP),2.112,105,2.217,203.742
240,SAO PAULO (SP) - TEOFILO OTONI (MG),14.598,17.775,32.373,34.137.219
241,SAO PAULO (SP) - UBERABA (MG),33.948,33.590,67.538,33.694.708
242,SAO PAULO (SP) - UBERLANDIA (MG),43.755,44.012,87.767,53.485.210
243,SAO PAULO (SP) - VARGINHA (MG),26.118,23.582,49.700,15.710.170
244,SAO PAULO (SP) - VITORIA (ES),43.224,40.760,83.984,79.271.385
245,SAO PAULO (SP) - VOLTA REDONDA (RJ),39.008,39.318,78.326,25.245.803
246,TEOFILO OTONI (MG) - CAMPINAS (SP),2.194,1.869,4.063,4.659.448
247,UBERABA (MG) - ARACATUBA (SP),466,456,922,392.219
248,UBERABA (MG) - BARRA MANSA (RJ),383,358,741,571.756
249,UBERABA (MG) - BARRETOS (SP),5.482,5.357,10.839,1.710.775
250,UBERABA (MG) - CAMPINAS (SP),9.284,9.100,18.384,7.526.410
251,UBERABA (MG) - FRANCA (SP),6.486,7.414,13.900,2.009.249
252,UBERABA (MG) - PRES.PRUDENTE (SP),1.110,961,2.071,1.126.624
253,UBERABA (MG) - SAO JOSE DOS CAMPOS (SP),1.006,1.760,2.766,1.530.428
254,UBERLANDIA (MG) - BARRA MANSA (RJ),853,861,1.714,1.511.919
255,UBERLANDIA (MG) - CAMPINAS (SP),8.911,8.046,16.957,8.815.944
256,UBERLANDIA (MG) - FRANCA (SP),5.557,5.280,10.837,2.912.986
257,UBERLANDIA (MG) - SAO JOSE DOS CAMPOS (SP),980,1.504,2.484,1.648.879
258,VITORIA (ES) - BARRA MANSA (RJ),7.830,5.625,13.455,8.484.723
259,VITORIA (ES) - NITEROI (RJ),15.600,15.734,31.334,15.821.871
260,VITORIA (ES) - SAO JOSE DOS CAMPOS (SP),2.694,5.126,7.820,6.587.017
261,VITORIA (ES) - TEOFILO OTONI (MG),4.918,5.073,9.991,5.478.065
262,VITORIA (ES) - UBERLANDIA (MG),23,28,51,54.575
263,VITORIA (ES) - VOLTA REDONDA (RJ),38,8,46,28.962
264,VOLTA REDONDA (RJ) - JUIZ DE FORA (MG),3.983,3.874,7.857,1.586.328
265,VOLTA REDONDA (RJ) - SAO JOSE DOS CAMPOS (SP),4.299,6.291,10.590,2.421.933
"",SUL,841.869,849.416,1.691.285,613.290.059
"",,,,,
266,BLUMENAU (SC) - CASCAVEL (PR),1.940,1.918,3.858,2.977.133
267,BLUMENAU (SC) - FOZ DO IGUACU (PR),3.886,3.724,7.610,6.610.611
268,BLUMENAU (SC) - PASSO FUNDO (RS),430,514,944,473.207
269,CHAPECO (SC) - CASCAVEL (PR),2.730,3.005,5.735,2.104.807
270,CHAPECO (SC) - FOZ DO IGUACU (PR),1.756,1.751,3.507,1.619.371
271,CRICIUMA (SC) - CASCAVEL (PR),1.577,1.169,2.746,2.668.637
272,CRICIUMA (SC) - FOZ DO IGUACU (PR),1.769,1.659,3.428,3.703.650
273,CRICIUMA (SC) - LONDRINA (PR),4,9,13,11.809
274,CRICIUMA (SC) - PONTA GROSSA (PR),2,7,9,5.601
275,CURITIBA (PR) - BLUMENAU (SC),54.508,55.358,109.866,25.455.987
276,CURITIBA (PR) - CHAPECO (SC),14.578,13.270,27.848,13.402.184
277,CURITIBA (PR) - CRICIUMA (SC),7.660,9.187,16.847,8.454.884
278,CURITIBA (PR) - FLORIANOPOLIS (SC),95.981,95.288,191.269,60.632.273
279,CURITIBA (PR) - ITAJAI (SC),56.700,50.366,107.066,24.635.887
280,CURITIBA (PR) - JOINVILLE (SC),173.191,180.188,353.379,46.692.642
281,CURITIBA (PR) - LAGES (SC),25.522,17.713,43.235,15.724.570
282,CURITIBA (PR) - PASSO FUNDO (RS),5.901,5.881,11.782,6.485.021
283,CURITIBA (PR) - PORTO ALEGRE (RS),40.217,39.047,79.264,60.665.549
284,FLORIANOPOLIS (SC) - CASCAVEL (PR),6.701,5.583,12.284,10.480.093
285,FLORIANOPOLIS (SC) - CRICIUMA (SC),5.181,5.603,10.784,2.265.357
286,FLORIANOPOLIS (SC) - FOZ DO IGUACU (PR),9.866,9.690,19.556,19.090.642
287,FLORIANOPOLIS (SC) - PASSO FUNDO (RS),1.662,1.367,3.029,1.933.108
288,ITAJAI (SC) - CASCAVEL (PR),2,1,3,2.486
289,ITAJAI (SC) - FLORIANOPOLIS (SC),22.006,20.397,42.403,4.405.672
290,ITAJAI (SC) - JOINVILLE (SC),19.941,19.088,39.029,4.004.375
291,JOINVILLE (SC) - BLUMENAU (SC),2.984,4.874,7.858,904.973
292,JOINVILLE (SC) - CASCAVEL (PR),7.839,8.623,16.462,10.819.211
293,JOINVILLE (SC) - FLORIANOPOLIS (SC),17.208,20.450,37.658,7.136.191
294,JOINVILLE (SC) - FOZ DO IGUACU (PR),4.614,8.434,13.048,10.259.642
295,JOINVILLE (SC) - PASSO FUNDO (RS),133,90,223,125.081
296,LAGES (SC) - CASCAVEL (PR),841,447,1.288,847.033
297,LAGES (SC) - FOZ DO IGUACU (PR),1.100,991,2.091,1.589.725
298,LAGES (SC) - PASSO FUNDO (RS),163,275,438,125.093
299,LONDRINA (PR) - FLORIANOPOLIS (SC),2.428,2.127,4.555,3.321.962
300,LONDRINA (PR) - JOINVILLE (SC),1.710,1.539,3.249,1.768.106
301,LONDRINA (PR) - LAGES (SC),537,581,1.118,899.990
302,MARINGA (PR) - FLORIANOPOLIS (SC),783,747,1.530,1.260.720
303,MARINGA (PR) - JOINVILLE (SC),739,725,1.464,935.350
304,PASSO FUNDO (RS) - CASCAVEL (PR),6.180,7.051,13.231,7.591.709
305,PASSO FUNDO (RS) - CHAPECO (SC),7.219,8.489,15.708,2.792.894
306,PASSO FUNDO (RS) - FOZ DO IGUACU (PR),1.865,1.868,3.733,2.512.912
307,PASSO FUNDO (RS) - PONTA GROSSA (PR),284,86,370,197.469
308,PONTA GROSSA (PR) - FLORIANOPOLIS (SC),1.250,1.190,2.440,1.081.998
309,PONTA GROSSA (PR) - JOINVILLE (SC),999,1.501,2.500,645.765
310,PORTO ALEGRE (RS) - BLUMENAU (SC),8.869,8.990,17.859,10.569.551
311,PORTO ALEGRE (RS) - CASCAVEL (PR),11.270,10.698,21.968,19.012.663
312,PORTO ALEGRE (RS) - CHAPECO (SC),15.120,13.566,28.686,13.594.295
313,PORTO ALEGRE (RS) - CRICIUMA (SC),40.777,44.282,85.059,25.228.499
314,PORTO ALEGRE (RS) - FLORIANOPOLIS (SC),111.315,116.666,227.981,107.383.550
315,PORTO ALEGRE (RS) - FOZ DO IGUACU (PR),7.781,8.865,16.646,15.914.952
316,PORTO ALEGRE (RS) - ITAJAI (SC),6.791,7.223,14.014,7.814.206
317,PORTO ALEGRE (RS) - JOINVILLE (SC),16.411,15.504,31.915,21.180.198
318,PORTO ALEGRE (RS) - LAGES (SC),7.457,8.580,16.037,5.707.568
319,PORTO ALEGRE (RS) - LONDRINA (PR),2.090,2.003,4.093,4.774.792
320,PORTO ALEGRE (RS) - MARINGA (PR),826,808,1.634,2.136.062
321,PORTO ALEGRE (RS) - PASSO FUNDO (RS),287,50,337,97.562
322,PORTO ALEGRE (RS) - PONTA GROSSA (PR),288,310,598,554.781
